,date,name,ratio,div
0,2017-05-06,김사무엘,17.0,0.0
1,2017-05-06,타카다켄타,1.0,0.0
2,2017-05-06,유회승,1.0,0.0
3,2017-05-06,김상빈,1.0,0.0
4,2017-05-06,장문복,100.0,0.0
5,2017-05-06,임영민,34.0,1.0
6,2017-05-06,홍은기,19.0,1.0
7,2017-05-06,김종현,100.0,1.0
8,2017-05-06,노태현,17.0,1.0
9,2017-05-06,박우담,38.0,1.0
10,2017-05-06,정동수,1.0,2.0
11,2017-05-06,유선호,2.0,2.0
12,2017-05-06,권현빈,8.0,2.0
13,2017-05-06,라이관린,10.0,2.0
14,2017-05-06,윤지성,100.0,2.0
15,2017-05-06,김용진,25.0,3.0
16,2017-05-06,이우진,47.0,3.0
17,2017-05-06,김남형,3.0,3.0
18,2017-05-06,배진영,100.0,3.0
19,2017-05-06,박우진,46.0,3.0
20,2017-05-06,이유진,13.0,4.0
21,2017-05-06,주학년,100.0,4.0
22,2017-05-06,저스틴,4.0,4.0
23,2017-05-06,변현민,4.0,4.0
24,2017-05-06,김용국,9.0,4.0
25,2017-05-06,김동현,3.0,5.0
26,2017-05-06,김성리,1.0,5.0
27,2017-05-06,박지훈,100.0,5.0
28,2017-05-06,이대휘,88.0,5.0
29,2017-05-06,정세운,10.0,5.0
30,2017-05-06,박성우,3.0,6.0
31,2017-05-06,김동빈,1.0,6.0
32,2017-05-06,강다니엘,100.0,6.0
33,2017-05-06,이의웅,3.0,6.0
34,2017-05-06,정정,0.0,6.0
35,2017-05-06,우진영,2.0,7.0
36,2017-05-06,김예현,3.0,7.0
37,2017-05-06,서성혁,100.0,7.0
38,2017-05-06,강동호,92.0,7.0
39,2017-05-06,이인수,2.0,7.0
40,2017-05-06,윤희석,7.0,8.0
41,2017-05-06,옹성우,100.0,8.0
42,2017-05-06,이광현,2.0,8.0
43,2017-05-06,김동한,11.0,8.0
44,2017-05-06,이기원,3.0,8.0
45,2017-05-06,이준우,1.0,9.0
46,2017-05-06,안형섭,100.0,9.0
47,2017-05-06,김태우,2.0,9.0
48,2017-05-06,이건희,4.0,9.0
49,2017-05-06,김상균,8.0,9.0
50,2017-05-06,김태동,38.0,10.0
51,2017-05-06,주진우,31.0,10.0
52,2017-05-06,최민기,80.0,10.0
53,2017-05-06,여환웅,22.0,10.0
54,2017-05-06,하성운,100.0,10.0
55,2017-05-06,김재환,37.0,11.0
56,2017-05-06,윤재찬,5.0,11.0
57,2017-05-06,황민현,100.0,11.0
58,2017-05-07,이건희,31.0,0.0
59,2017-05-07,배진영,100.0,0.0
60,2017-05-07,홍은기,18.0,0.0
61,2017-05-07,노태현,17.0,0.0
62,2017-05-07,임영민,41.0,0.0
63,2017-05-07,김상균,100.0,1.0
64,2017-05-07,이기원,18.0,1.0
65,2017-05-07,주진우,40.0,1.0
66,2017-05-07,우진영,26.0,1.0
67,2017-05-07,김태동,42.0,1.0
68,2017-05-07,김종현,43.0,2.0
69,2017-05-07,이인수,4.0,2.0
70,2017-05-07,윤재찬,4.0,2.0
71,2017-05-07,여환웅,6.0,2.0
72,2017-05-07,라이관린,100.0,2.0
73,2017-05-07,정정,2.0,3.0
74,2017-05-07,정세운,47.0,3.0
75,2017-05-07,박우진,24.0,3.0
76,2017-05-07,강동호,100.0,3.0
77,2017-05-07,이광현,4.0,3.0
78,2017-05-07,저스틴,5.0,4.0
79,2017-05-07,김재환,59.0,4.0
80,2017-05-07,김남형,2.0,4.0
81,2017-05-07,김동빈,34.0,4.0
82,2017-05-07,주학년,100.0,4.0
83,2017-05-07,장문복,100.0,5.0
84,2017-05-07,타카다켄타,11.0,5.0
85,2017-05-07,안형섭,77.0,5.0
86,2017-05-07,옹성우,83.0,5.0
87,2017-05-07,정동수,8.0,5.0
88,2017-05-07,강다니엘,100.0,6.0
89,2017-05-07,윤지성,10.0,6.0
90,2017-05-07,김동현,1.0,6.0
91,2017-05-07,김용진,1.0,6.0
92,2017-05-07,윤희석,0.0,6.0
93,2017-05-07,박지훈,100.0,7.0
94,2017-05-07,박성우,7.0,7.0
95,2017-05-07,이우진,10.0,7.0
96,2017-05-07,김상빈,2.0,7.0
97,2017-05-07,김태우,11.0,7.0
98,2017-05-07,유선호,100.0,8.0
99,2017-05-07,이유진,48.0,8.0
100,2017-05-07,김예현,11.0,8.0
101,2017-05-07,박우담,59.0,8.0
102,2017-05-07,변현민,10.0,8.0
103,2017-05-07,권현빈,95.0,9.0
104,2017-05-07,황민현,79.0,9.0
105,2017-05-07,김사무엘,100.0,9.0
106,2017-05-07,유회승,10.0,9.0
107,2017-05-07,서성혁,37.0,9.0
108,2017-05-07,이준우,2.0,10.0
109,2017-05-07,김용국,11.0,10.0
110,2017-05-07,이대휘,100.0,10.0
111,2017-05-07,김성리,2.0,10.0
112,2017-05-07,이의웅,15.0,10.0
113,2017-05-07,하성운,100.0,11.0
114,2017-05-07,최민기,83.0,11.0
115,2017-05-07,김동한,46.0,11.0
116,2017-05-08,김종현,100.0,0.0
117,2017-05-08,노태현,51.0,0.0
118,2017-05-08,홍은기,21.0,0.0
119,2017-05-08,김용국,38.0,0.0
120,2017-05-08,하성운,67.0,0.0
121,2017-05-08,여환웅,4.0,1.0
122,2017-05-08,강동호,42.0,1.0
123,2017-05-08,윤지성,100.0,1.0
124,2017-05-08,김재환,11.0,1.0
125,2017-05-08,박우담,6.0,1.0
126,2017-05-08,장문복,100.0,2.0
127,2017-05-08,안형섭,55.0,2.0
128,2017-05-08,황민현,56.0,2.0
129,2017-05-08,정동수,9.0,2.0
130,2017-05-08,정세운,33.0,2.0
131,2017-05-08,타카다켄타,16.0,3.0
132,2017-05-08,주학년,100.0,3.0
133,2017-05-08,주진우,20.0,3.0
134,2017-05-08,이의웅,35.0,3.0
135,2017-05-08,김상균,35.0,3.0
136,2017-05-08,윤재찬,17.0,4.0
137,2017-05-08,임영민,58.0,4.0
138,2017-05-08,배진영,100.0,4.0
139,2017-05-08,김동현,24.0,4.0
140,2017-05-08,이광현,8.0,4.0
141,2017-05-08,권현빈,100.0,5.0
142,2017-05-08,서성혁,34.0,5.0
143,2017-05-08,이인수,14.0,5.0
144,2017-05-08,이우진,35.0,5.0
145,2017-05-08,김태동,31.0,5.0
146,2017-05-08,저스틴,0.0,6.0
147,2017-05-08,윤희석,1.0,6.0
148,2017-05-08,강다니엘,100.0,6.0
149,2017-05-08,김사무엘,5.0,6.0
150,2017-05-08,김예현,0.0,6.0
151,2017-05-08,김성리,2.0,7.0
152,2017-05-08,김동빈,44.0,7.0
153,2017-05-08,이대휘,100.0,7.0
154,2017-05-08,우진영,8.0,7.0
155,2017-05-08,유회승,6.0,7.0
156,2017-05-08,이유진,5.0,8.0
157,2017-05-08,이건희,9.0,8.0
158,2017-05-08,김상빈,2.0,8.0
159,2017-05-08,박지훈,100.0,8.0
160,2017-05-08,정정,1.0,8.0
161,2017-05-08,최민기,17.0,9.0
162,2017-05-08,옹성우,75.0,9.0
163,2017-05-08,이기원,4.0,9.0
164,2017-05-08,라이관린,100.0,9.0
165,2017-05-08,변현민,3.0,9.0
166,2017-05-08,이준우,2.0,10.0
167,2017-05-08,박성우,11.0,10.0
168,2017-05-08,유선호,100.0,10.0
169,2017-05-08,박우진,17.0,10.0
170,2017-05-08,김동한,6.0,10.0
171,2017-05-08,김태우,47.0,11.0
172,2017-05-08,김남형,4.0,11.0
173,2017-05-08,김용진,100.0,11.0
174,2017-05-09,김재환,25.0,0.0
175,2017-05-09,박우진,32.0,0.0
176,2017-05-09,김예현,4.0,0.0
177,2017-05-09,윤지성,100.0,0.0
178,2017-05-09,이기원,5.0,0.0
179,2017-05-09,김태우,59.0,1.0
180,2017-05-09,서성혁,100.0,1.0
181,2017-05-09,이우진,93.0,1.0
182,2017-05-09,김태동,49.0,1.0
183,2017-05-09,이인수,15.0,1.0
184,2017-05-09,김종현,49.0,2.0
185,2017-05-09,이대휘,100.0,2.0
186,2017-05-09,유선호,54.0,2.0
187,2017-05-09,김남형,2.0,2.0
188,2017-05-09,저스틴,6.0,2.0
189,2017-05-09,김상빈,6.0,3.0
190,2017-05-09,김동한,16.0,3.0
191,2017-05-09,임영민,51.0,3.0
192,2017-05-09,김사무엘,100.0,3.0
193,2017-05-09,이광현,7.0,3.0
194,2017-05-09,김상균,26.0,4.0
195,2017-05-09,라이관린,100.0,4.0
196,2017-05-09,정동수,15.0,4.0
197,2017-05-09,정정,3.0,4.0
198,2017-05-09,이의웅,24.0,4.0
199,2017-05-09,강다니엘,100.0,5.0
200,2017-05-09,김용국,3.0,5.0
201,2017-05-09,주학년,19.0,5.0
202,2017-05-09,옹성우,21.0,5.0
203,2017-05-09,김용진,4.0,5.0
204,2017-05-09,정세운,62.0,6.0
205,2017-05-09,권현빈,100.0,6.0
206,2017-05-09,김성리,4.0,6.0
207,2017-05-09,주진우,33.0,6.0
208,2017-05-09,배진영,71.0,6.0
209,2017-05-09,이유진,26.0,7.0
210,2017-05-09,박성우,33.0,7.0
211,2017-05-09,하성운,55.0,7.0
212,2017-05-09,황민현,100.0,7.0
213,2017-05-09,김동빈,74.0,7.0
214,2017-05-09,우진영,10.0,8.0
215,2017-05-09,노태현,65.0,8.0
216,2017-05-09,강동호,100.0,8.0
217,2017-05-09,김동현,18.0,8.0
218,2017-05-09,윤희석,9.0,8.0
219,2017-05-09,변현민,3.0,9.0
220,2017-05-09,이준우,1.0,9.0
221,2017-05-09,윤재찬,2.0,9.0
222,2017-05-09,박지훈,100.0,9.0
223,2017-05-09,이건희,10.0,9.0
224,2017-05-09,유회승,20.0,10.0
225,2017-05-09,안형섭,100.0,10.0
226,2017-05-09,박우담,42.0,10.0
227,2017-05-09,타카다켄타,26.0,10.0
228,2017-05-09,최민기,46.0,10.0
229,2017-05-09,홍은기,11.0,11.0
230,2017-05-09,여환웅,7.0,11.0
231,2017-05-09,장문복,100.0,11.0
232,2017-05-10,서성혁,25.0,0.0
233,2017-05-10,김사무엘,81.0,0.0
234,2017-05-10,하성운,51.0,0.0
235,2017-05-10,배진영,100.0,0.0
236,2017-05-10,정세운,57.0,0.0
237,2017-05-10,김상균,78.0,1.0
238,2017-05-10,김동현,46.0,1.0
239,2017-05-10,김동한,32.0,1.0
240,2017-05-10,김용국,37.0,1.0
241,2017-05-10,주진우,100.0,1.0
242,2017-05-10,김남형,11.0,2.0
243,2017-05-10,윤희석,51.0,2.0
244,2017-05-10,정동수,66.0,2.0
245,2017-05-10,박성우,100.0,2.0
246,2017-05-10,김동빈,78.0,2.0
247,2017-05-10,이유진,17.0,3.0
248,2017-05-10,정정,4.0,3.0
249,2017-05-10,라이관린,100.0,3.0
250,2017-05-10,유선호,40.0,3.0
251,2017-05-10,김태동,9.0,3.0
252,2017-05-10,이의웅,28.0,4.0
253,2017-05-10,박우담,16.0,4.0
254,2017-05-10,김종현,56.0,4.0
255,2017-05-10,이준우,5.0,4.0
256,2017-05-10,황민현,100.0,4.0
257,2017-05-10,김용진,6.0,5.0
258,2017-05-10,김성리,1.0,5.0
259,2017-05-10,이우진,10.0,5.0
260,2017-05-10,김예현,1.0,5.0
261,2017-05-10,박지훈,100.0,5.0
262,2017-05-10,이인수,3.0,6.0
263,2017-05-10,권현빈,63.0,6.0
264,2017-05-10,강동호,100.0,6.0
265,2017-05-10,최민기,20.0,6.0
266,2017-05-10,저스틴,6.0,6.0
267,2017-05-10,우진영,15.0,7.0
268,2017-05-10,노태현,34.0,7.0
269,2017-05-10,이광현,7.0,7.0
270,2017-05-10,임영민,100.0,7.0
271,2017-05-10,이기원,26.0,7.0
272,2017-05-10,윤재찬,1.0,8.0
273,2017-05-10,유회승,2.0,8.0
274,2017-05-10,홍은기,3.0,8.0
275,2017-05-10,강다니엘,100.0,8.0
276,2017-05-10,김재환,8.0,8.0
277,2017-05-10,타카다켄타,11.0,9.0
278,2017-05-10,변현민,6.0,9.0
279,2017-05-10,김상빈,2.0,9.0
280,2017-05-10,장문복,100.0,9.0
281,2017-05-10,이건희,27.0,9.0
282,2017-05-10,옹성우,99.0,10.0
283,2017-05-10,윤지성,88.0,10.0
284,2017-05-10,박우진,31.0,10.0
285,2017-05-10,이대휘,100.0,10.0
286,2017-05-10,김태우,20.0,10.0
287,2017-05-10,안형섭,66.0,11.0
288,2017-05-10,여환웅,8.0,11.0
289,2017-05-10,주학년,100.0,11.0
290,2017-05-11,장문복,100.0,0.0
291,2017-05-11,김남형,2.0,0.0
292,2017-05-11,유회승,7.0,0.0
293,2017-05-11,홍은기,9.0,0.0
294,2017-05-11,이우진,24.0,0.0
295,2017-05-11,김종현,34.0,1.0
296,2017-05-11,임영민,29.0,1.0
297,2017-05-11,강동호,84.0,1.0
298,2017-05-11,라이관린,100.0,1.0
299,2017-05-11,김성리,2.0,1.0
300,2017-05-11,김태우,34.0,2.0
301,2017-05-11,김상균,49.0,2.0
302,2017-05-11,김사무엘,100.0,2.0
303,2017-05-11,이의웅,41.0,2.0
304,2017-05-11,저스틴,16.0,2.0
305,2017-05-11,변현민,3.0,3.0
306,2017-05-11,이광현,2.0,3.0
307,2017-05-11,유선호,25.0,3.0
308,2017-05-11,김동현,11.0,3.0
309,2017-05-11,박지훈,100.0,3.0
310,2017-05-11,하성운,12.0,4.0
311,2017-05-11,배진영,18.0,4.0
312,2017-05-11,박우담,9.0,4.0
313,2017-05-11,강다니엘,100.0,4.0
314,2017-05-11,김태동,7.0,4.0
315,2017-05-11,김상빈,4.0,5.0
316,2017-05-11,주학년,100.0,5.0
317,2017-05-11,윤재찬,6.0,5.0
318,2017-05-11,권현빈,87.0,5.0
319,2017-05-11,김용국,21.0,5.0
320,2017-05-11,주진우,73.0,6.0
321,2017-05-11,서성혁,42.0,6.0
322,2017-05-11,안형섭,100.0,6.0
323,2017-05-11,윤희석,25.0,6.0
324,2017-05-11,정정,12.0,6.0
325,2017-05-11,김예현,3.0,7.0
326,2017-05-11,김용진,13.0,7.0
327,2017-05-11,이대휘,100.0,7.0
328,2017-05-11,최민기,21.0,7.0
329,2017-05-11,정동수,10.0,7.0
330,2017-05-11,김동빈,11.0,8.0
331,2017-05-11,황민현,100.0,8.0
332,2017-05-11,노태현,19.0,8.0
333,2017-05-11,이유진,25.0,8.0
334,2017-05-11,김동한,14.0,8.0
335,2017-05-11,정세운,34.0,9.0
336,2017-05-11,옹성우,100.0,9.0
337,2017-05-11,윤지성,58.0,9.0
338,2017-05-11,이기원,6.0,9.0
339,2017-05-11,이건희,42.0,9.0
340,2017-05-11,박성우,84.0,10.0
341,2017-05-11,여환웅,36.0,10.0
342,2017-05-11,이인수,20.0,10.0
343,2017-05-11,타카다켄타,86.0,10.0
344,2017-05-11,우진영,100.0,10.0
345,2017-05-11,김재환,94.0,11.0
346,2017-05-11,이준우,12.0,11.0
347,2017-05-11,박우진,100.0,11.0
348,2017-05-12,안형섭,23.0,0.0
349,2017-05-12,박지훈,100.0,0.0
350,2017-05-12,김예현,4.0,0.0
351,2017-05-12,정세운,30.0,0.0
352,2017-05-12,김상빈,2.0,0.0
353,2017-05-12,서성혁,24.0,1.0
354,2017-05-12,이유진,33.0,1.0
355,2017-05-12,정동수,14.0,1.0
356,2017-05-12,윤지성,100.0,1.0
357,2017-05-12,최민기,31.0,1.0
358,2017-05-12,강다니엘,100.0,2.0
359,2017-05-12,김남형,1.0,2.0
360,2017-05-12,김동빈,5.0,2.0
361,2017-05-12,타카다켄타,5.0,2.0
362,2017-05-12,황민현,28.0,2.0
363,2017-05-12,윤재찬,4.0,3.0
364,2017-05-12,주학년,100.0,3.0
365,2017-05-12,김동현,36.0,3.0
366,2017-05-12,김재환,31.0,3.0
367,2017-05-12,홍은기,15.0,3.0
368,2017-05-12,라이관린,100.0,4.0
369,2017-05-12,윤희석,6.0,4.0
370,2017-05-12,유회승,5.0,4.0
371,2017-05-12,옹성우,78.0,4.0
372,2017-05-12,변현민,4.0,4.0
373,2017-05-12,배진영,100.0,5.0
374,2017-05-12,임영민,68.0,5.0
375,2017-05-12,정정,8.0,5.0
376,2017-05-12,박우담,49.0,5.0
377,2017-05-12,우진영,20.0,5.0
378,2017-05-12,김용국,22.0,6.0
379,2017-05-12,박성우,7.0,6.0
380,2017-05-12,유선호,14.0,6.0
381,2017-05-12,이우진,11.0,6.0
382,2017-05-12,강동호,100.0,6.0
383,2017-05-12,주진우,20.0,7.0
384,2017-05-12,저스틴,6.0,7.0
385,2017-05-12,김태우,16.0,7.0
386,2017-05-12,이대휘,100.0,7.0
387,2017-05-12,이광현,3.0,7.0
388,2017-05-12,노태현,15.0,8.0
389,2017-05-12,여환웅,6.0,8.0
390,2017-05-12,김종현,80.0,8.0
391,2017-05-12,이준우,2.0,8.0
392,2017-05-12,김사무엘,100.0,8.0
393,2017-05-12,하성운,26.0,9.0
394,2017-05-12,장문복,100.0,9.0
395,2017-05-12,김상균,23.0,9.0
396,2017-05-12,김성리,4.0,9.0
397,2017-05-12,이건희,52.0,9.0
398,2017-05-12,김용진,22.0,10.0
399,2017-05-12,권현빈,100.0,10.0
400,2017-05-12,박우진,50.0,10.0
401,2017-05-12,김동한,15.0,10.0
402,2017-05-12,이인수,5.0,10.0
403,2017-05-12,이기원,20.0,11.0
404,2017-05-12,김태동,83.0,11.0
405,2017-05-12,이의웅,100.0,11.0
406,2017-05-13,김종현,100.0,0.0
407,2017-05-13,김상균,1.0,0.0
408,2017-05-13,이유진,1.0,0.0
409,2017-05-13,이의웅,1.0,0.0
410,2017-05-13,김사무엘,7.0,0.0
411,2017-05-13,타카다켄타,13.0,1.0
412,2017-05-13,윤재찬,4.0,1.0
413,2017-05-13,박성우,33.0,1.0
414,2017-05-13,저스틴,9.0,1.0
415,2017-05-13,옹성우,100.0,1.0
416,2017-05-13,유회승,2.0,2.0
417,2017-05-13,이기원,0.0,2.0
418,2017-05-13,강동호,54.0,2.0
419,2017-05-13,이광현,0.0,2.0
420,2017-05-13,주학년,100.0,2.0
421,2017-05-13,김태우,34.0,3.0
422,2017-05-13,김남형,8.0,3.0
423,2017-05-13,윤희석,23.0,3.0
424,2017-05-13,유선호,100.0,3.0
425,2017-05-13,이우진,49.0,3.0
426,2017-05-13,임영민,100.0,4.0
427,2017-05-13,김동한,4.0,4.0
428,2017-05-13,김예현,10.0,4.0
429,2017-05-13,이인수,1.0,4.0
430,2017-05-13,박우담,9.0,4.0
431,2017-05-13,배진영,14.0,5.0
432,2017-05-13,박우진,10.0,5.0
433,2017-05-13,김재환,24.0,5.0
434,2017-05-13,이건희,5.0,5.0
435,2017-05-13,강다니엘,100.0,5.0
436,2017-05-13,이대휘,100.0,6.0
437,2017-05-13,변현민,3.0,6.0
438,2017-05-13,노태현,27.0,6.0
439,2017-05-13,우진영,2.0,6.0
440,2017-05-13,홍은기,24.0,6.0
441,2017-05-13,박지훈,59.0,7.0
442,2017-05-13,하성운,8.0,7.0
443,2017-05-13,서성혁,9.0,7.0
444,2017-05-13,김용국,100.0,7.0
445,2017-05-13,김상빈,1.0,7.0
446,2017-05-13,이준우,1.0,8.0
447,2017-05-13,정세운,100.0,8.0
448,2017-05-13,정동수,3.0,8.0
449,2017-05-13,최민기,17.0,8.0
450,2017-05-13,김동현,11.0,8.0
451,2017-05-13,여환웅,34.0,9.0
452,2017-05-13,윤지성,100.0,9.0
453,2017-05-13,안형섭,83.0,9.0
454,2017-05-13,정정,3.0,9.0
455,2017-05-13,주진우,19.0,9.0
456,2017-05-13,권현빈,53.0,10.0
457,2017-05-13,김용진,8.0,10.0
458,2017-05-13,김태동,22.0,10.0
459,2017-05-13,김동빈,100.0,10.0
460,2017-05-13,김성리,7.0,10.0
461,2017-05-13,장문복,100.0,11.0
462,2017-05-13,황민현,5.0,11.0
463,2017-05-13,라이관린,23.0,11.0
464,2017-05-14,유선호,83.0,0.0
465,2017-05-14,박우진,100.0,0.0
466,2017-05-14,변현민,23.0,0.0
467,2017-05-14,주진우,56.0,0.0
468,2017-05-14,이유진,76.0,0.0
469,2017-05-14,김동현,27.0,1.0
470,2017-05-14,이대휘,100.0,1.0
471,2017-05-14,최민기,18.0,1.0
472,2017-05-14,이우진,10.0,1.0
473,2017-05-14,김용진,5.0,1.0
474,2017-05-14,김상균,27.0,2.0
475,2017-05-14,박우담,23.0,2.0
476,2017-05-14,서성혁,20.0,2.0
477,2017-05-14,김태우,44.0,2.0
478,2017-05-14,노태현,100.0,2.0
479,2017-05-14,정동수,9.0,3.0
480,2017-05-14,유회승,18.0,3.0
481,2017-05-14,황민현,100.0,3.0
482,2017-05-14,권현빈,64.0,3.0
483,2017-05-14,이건희,34.0,3.0
484,2017-05-14,김재환,35.0,4.0
485,2017-05-14,정세운,100.0,4.0
486,2017-05-14,김남형,3.0,4.0
487,2017-05-14,김성리,8.0,4.0
488,2017-05-14,이준우,5.0,4.0
489,2017-05-14,타카다켄타,13.0,5.0
490,2017-05-14,홍은기,60.0,5.0
491,2017-05-14,김동한,14.0,5.0
492,2017-05-14,옹성우,100.0,5.0
493,2017-05-14,윤희석,9.0,5.0
494,2017-05-14,박지훈,98.0,6.0
495,2017-05-14,안형섭,33.0,6.0
496,2017-05-14,장문복,89.0,6.0
497,2017-05-14,주학년,100.0,6.0
498,2017-05-14,김동빈,26.0,6.0
499,2017-05-14,이기원,5.0,7.0
500,2017-05-14,김사무엘,100.0,7.0
501,2017-05-14,이인수,4.0,7.0
502,2017-05-14,저스틴,13.0,7.0
503,2017-05-14,김태동,42.0,7.0
504,2017-05-14,박성우,9.0,8.0
505,2017-05-14,정정,1.0,8.0
506,2017-05-14,라이관린,83.0,8.0
507,2017-05-14,이의웅,9.0,8.0
508,2017-05-14,강다니엘,100.0,8.0
509,2017-05-14,김예현,10.0,9.0
510,2017-05-14,김상빈,2.0,9.0
511,2017-05-14,우진영,5.0,9.0
512,2017-05-14,이광현,3.0,9.0
513,2017-05-14,임영민,100.0,9.0
514,2017-05-14,여환웅,17.0,10.0
515,2017-05-14,하성운,19.0,10.0
516,2017-05-14,윤재찬,5.0,10.0
517,2017-05-14,강동호,100.0,10.0
518,2017-05-14,배진영,39.0,10.0
519,2017-05-14,김종현,100.0,11.0
520,2017-05-14,김용국,79.0,11.0
521,2017-05-14,윤지성,27.0,11.0
522,2017-05-15,박우진,31.0,0.0
523,2017-05-15,김태동,22.0,0.0
524,2017-05-15,윤희석,6.0,0.0
525,2017-05-15,강동호,100.0,0.0
526,2017-05-15,배진영,40.0,0.0
527,2017-05-15,김동빈,46.0,1.0
528,2017-05-15,장문복,100.0,1.0
529,2017-05-15,이건희,27.0,1.0
530,2017-05-15,홍은기,66.0,1.0
531,2017-05-15,김성리,5.0,1.0
532,2017-05-15,김사무엘,43.0,2.0
533,2017-05-15,김동현,18.0,2.0
534,2017-05-15,이대휘,100.0,2.0
535,2017-05-15,하성운,19.0,2.0
536,2017-05-15,옹성우,55.0,2.0
537,2017-05-15,변현민,2.0,3.0
538,2017-05-15,이준우,2.0,3.0
539,2017-05-15,유회승,6.0,3.0
540,2017-05-15,여환웅,8.0,3.0
541,2017-05-15,강다니엘,100.0,3.0
542,2017-05-15,우진영,26.0,4.0
543,2017-05-15,김재환,100.0,4.0
544,2017-05-15,이인수,11.0,4.0
545,2017-05-15,주진우,67.0,4.0
546,2017-05-15,이의웅,65.0,4.0
547,2017-05-15,박우담,8.0,5.0
548,2017-05-15,서성혁,6.0,5.0
549,2017-05-15,김용진,5.0,5.0
550,2017-05-15,주학년,100.0,5.0
551,2017-05-15,박지훈,76.0,5.0
552,2017-05-15,황민현,100.0,6.0
553,2017-05-15,권현빈,61.0,6.0
554,2017-05-15,윤재찬,6.0,6.0
555,2017-05-15,김예현,13.0,6.0
556,2017-05-15,이유진,22.0,6.0
557,2017-05-15,정정,4.0,7.0
558,2017-05-15,정세운,56.0,7.0
559,2017-05-15,정동수,5.0,7.0
560,2017-05-15,타카다켄타,9.0,7.0
561,2017-05-15,임영민,100.0,7.0
562,2017-05-15,이광현,2.0,8.0
563,2017-05-15,라이관린,100.0,8.0
564,2017-05-15,저스틴,5.0,8.0
565,2017-05-15,유선호,14.0,8.0
566,2017-05-15,이기원,2.0,8.0
567,2017-05-15,김상균,21.0,9.0
568,2017-05-15,최민기,24.0,9.0
569,2017-05-15,윤지성,36.0,9.0
570,2017-05-15,김용국,100.0,9.0
571,2017-05-15,김상빈,2.0,9.0
572,2017-05-15,노태현,71.0,10.0
573,2017-05-15,김종현,100.0,10.0
574,2017-05-15,김태우,15.0,10.0
575,2017-05-15,안형섭,35.0,10.0
576,2017-05-15,김동한,9.0,10.0
577,2017-05-15,이우진,77.0,11.0
578,2017-05-15,김남형,13.0,11.0
579,2017-05-15,박성우,100.0,11.0
580,2017-05-16,타카다켄타,1.0,0.0
581,2017-05-16,이대휘,9.0,0.0
582,2017-05-16,강다니엘,100.0,0.0
583,2017-05-16,우진영,1.0,0.0
584,2017-05-16,김태우,1.0,0.0
585,2017-05-16,정동수,13.0,1.0
586,2017-05-16,김예현,11.0,1.0
587,2017-05-16,박우진,77.0,1.0
588,2017-05-16,노태현,100.0,1.0
589,2017-05-16,김상빈,4.0,1.0
590,2017-05-16,김동한,13.0,2.0
591,2017-05-16,윤재찬,4.0,2.0
592,2017-05-16,김종현,100.0,2.0
593,2017-05-16,하성운,33.0,2.0
594,2017-05-16,이준우,4.0,2.0
595,2017-05-16,김태동,22.0,3.0
596,2017-05-16,임영민,90.0,3.0
597,2017-05-16,여환웅,19.0,3.0
598,2017-05-16,강동호,100.0,3.0
599,2017-05-16,윤희석,7.0,3.0
600,2017-05-16,이건희,65.0,4.0
601,2017-05-16,이우진,37.0,4.0
602,2017-05-16,권현빈,100.0,4.0
603,2017-05-16,박우담,23.0,4.0
604,2017-05-16,김용진,16.0,4.0
605,2017-05-16,정정,2.0,5.0
606,2017-05-16,박지훈,100.0,5.0
607,2017-05-16,황민현,29.0,5.0
608,2017-05-16,장문복,51.0,5.0
609,2017-05-16,주학년,40.0,5.0
610,2017-05-16,이인수,6.0,6.0
611,2017-05-16,서성혁,33.0,6.0
612,2017-05-16,김남형,6.0,6.0
613,2017-05-16,윤지성,100.0,6.0
614,2017-05-16,주진우,35.0,6.0
615,2017-05-16,유선호,28.0,7.0
616,2017-05-16,최민기,29.0,7.0
617,2017-05-16,김용국,100.0,7.0
618,2017-05-16,김성리,7.0,7.0
619,2017-05-16,저스틴,8.0,7.0
620,2017-05-16,김상균,30.0,8.0
621,2017-05-16,이유진,54.0,8.0
622,2017-05-16,정세운,84.0,8.0
623,2017-05-16,안형섭,47.0,8.0
624,2017-05-16,김사무엘,100.0,8.0
625,2017-05-16,이기원,5.0,9.0
626,2017-05-16,배진영,100.0,9.0
627,2017-05-16,홍은기,54.0,9.0
628,2017-05-16,박성우,39.0,9.0
629,2017-05-16,김동현,43.0,9.0
630,2017-05-16,라이관린,100.0,10.0
631,2017-05-16,변현민,4.0,10.0
632,2017-05-16,김재환,24.0,10.0
633,2017-05-16,옹성우,66.0,10.0
634,2017-05-16,이광현,3.0,10.0
635,2017-05-16,유회승,52.0,11.0
636,2017-05-16,이의웅,69.0,11.0
637,2017-05-16,김동빈,100.0,11.0
638,2017-05-17,윤재찬,3.0,0.0
639,2017-05-17,이준우,6.0,0.0
640,2017-05-17,김상빈,3.0,0.0
641,2017-05-17,김용국,100.0,0.0
642,2017-05-17,김남형,3.0,0.0
643,2017-05-17,옹성우,51.0,1.0
644,2017-05-17,유회승,6.0,1.0
645,2017-05-17,장문복,100.0,1.0
646,2017-05-17,라이관린,60.0,1.0
647,2017-05-17,우진영,7.0,1.0
648,2017-05-17,최민기,19.0,2.0
649,2017-05-17,이기원,3.0,2.0
650,2017-05-17,주진우,11.0,2.0
651,2017-05-17,강동호,100.0,2.0
652,2017-05-17,김사무엘,63.0,2.0
653,2017-05-17,이대휘,100.0,3.0
654,2017-05-17,홍은기,15.0,3.0
655,2017-05-17,정세운,47.0,3.0
656,2017-05-17,저스틴,7.0,3.0
657,2017-05-17,배진영,45.0,3.0
658,2017-05-17,윤희석,15.0,4.0
659,2017-05-17,정정,5.0,4.0
660,2017-05-17,박성우,22.0,4.0
661,2017-05-17,주학년,96.0,4.0
662,2017-05-17,황민현,100.0,4.0
663,2017-05-17,이우진,8.0,5.0
664,2017-05-17,박우담,4.0,5.0
665,2017-05-17,이유진,5.0,5.0
666,2017-05-17,김성리,1.0,5.0
667,2017-05-17,박지훈,100.0,5.0
668,2017-05-17,김재환,47.0,6.0
669,2017-05-17,김태동,32.0,6.0
670,2017-05-17,김종현,100.0,6.0
671,2017-05-17,박우진,85.0,6.0
672,2017-05-17,정동수,13.0,6.0
673,2017-05-17,변현민,4.0,7.0
674,2017-05-17,김동빈,16.0,7.0
675,2017-05-17,이건희,100.0,7.0
676,2017-05-17,김상균,25.0,7.0
677,2017-05-17,노태현,57.0,7.0
678,2017-05-17,임영민,100.0,8.0
679,2017-05-17,이광현,4.0,8.0
680,2017-05-17,타카다켄타,17.0,8.0
681,2017-05-17,김태우,17.0,8.0
682,2017-05-17,이인수,3.0,8.0
683,2017-05-17,김동한,33.0,9.0
684,2017-05-17,윤지성,48.0,9.0
685,2017-05-17,권현빈,100.0,9.0
686,2017-05-17,여환웅,19.0,9.0
687,2017-05-17,하성운,48.0,9.0
688,2017-05-17,안형섭,1.0,10.0
689,2017-05-17,강다니엘,100.0,10.0
690,2017-05-17,유선호,1.0,10.0
691,2017-05-17,김동현,1.0,10.0
692,2017-05-17,김예현,0.0,10.0
693,2017-05-17,서성혁,73.0,11.0
694,2017-05-17,김용진,54.0,11.0
695,2017-05-17,이의웅,100.0,11.0
696,2017-05-18,안형섭,7.0,0.0
697,2017-05-18,강다니엘,100.0,0.0
698,2017-05-18,김남형,0.0,0.0
699,2017-05-18,김태우,2.0,0.0
700,2017-05-18,김상균,4.0,0.0
701,2017-05-18,장문복,100.0,1.0
702,2017-05-18,이인수,2.0,1.0
703,2017-05-18,노태현,31.0,1.0
704,2017-05-18,이의웅,10.0,1.0
705,2017-05-18,옹성우,56.0,1.0
706,2017-05-18,강동호,61.0,2.0
707,2017-05-18,박지훈,100.0,2.0
708,2017-05-18,여환웅,9.0,2.0
709,2017-05-18,김예현,3.0,2.0
710,2017-05-18,김용국,37.0,2.0
711,2017-05-18,변현민,12.0,3.0
712,2017-05-18,김용진,25.0,3.0
713,2017-05-18,정동수,28.0,3.0
714,2017-05-18,이광현,12.0,3.0
715,2017-05-18,김재환,100.0,3.0
716,2017-05-18,이우진,31.0,4.0
717,2017-05-18,라이관린,100.0,4.0
718,2017-05-18,박우진,57.0,4.0
719,2017-05-18,정정,4.0,4.0
720,2017-05-18,윤지성,41.0,4.0
721,2017-05-18,이건희,100.0,5.0
722,2017-05-18,김태동,48.0,5.0
723,2017-05-18,유선호,45.0,5.0
724,2017-05-18,박성우,34.0,5.0
725,2017-05-18,우진영,21.0,5.0
726,2017-05-18,유회승,15.0,6.0
727,2017-05-18,이기원,4.0,6.0
728,2017-05-18,홍은기,25.0,6.0
729,2017-05-18,주학년,100.0,6.0
730,2017-05-18,정세운,81.0,6.0
731,2017-05-18,윤희석,27.0,7.0
732,2017-05-18,김성리,3.0,7.0
733,2017-05-18,김상빈,2.0,7.0
734,2017-05-18,김동한,22.0,7.0
735,2017-05-18,이대휘,100.0,7.0
736,2017-05-18,하성운,100.0,8.0
737,2017-05-18,윤재찬,7.0,8.0
738,2017-05-18,최민기,41.0,8.0
739,2017-05-18,주진우,32.0,8.0
740,2017-05-18,박우담,24.0,8.0
741,2017-05-18,이유진,16.0,9.0
742,2017-05-18,김동빈,15.0,9.0
743,2017-05-18,황민현,68.0,9.0
744,2017-05-18,서성혁,13.0,9.0
745,2017-05-18,김사무엘,100.0,9.0
746,2017-05-18,권현빈,100.0,10.0
747,2017-05-18,타카다켄타,15.0,10.0
748,2017-05-18,배진영,57.0,10.0
749,2017-05-18,임영민,91.0,10.0
750,2017-05-18,김종현,69.0,10.0
751,2017-05-18,이준우,17.0,11.0
752,2017-05-18,저스틴,32.0,11.0
753,2017-05-18,김동현,100.0,11.0
754,2017-05-19,옹성우,100.0,0.0
755,2017-05-19,여환웅,19.0,0.0
756,2017-05-19,윤희석,16.0,0.0
757,2017-05-19,홍은기,23.0,0.0
758,2017-05-19,이준우,6.0,0.0
759,2017-05-19,우진영,39.0,1.0
760,2017-05-19,김용국,80.0,1.0
761,2017-05-19,김동현,33.0,1.0
762,2017-05-19,임영민,100.0,1.0
763,2017-05-19,김상빈,6.0,1.0
764,2017-05-19,박지훈,97.0,2.0
765,2017-05-19,라이관린,69.0,2.0
766,2017-05-19,김예현,4.0,2.0
767,2017-05-19,장문복,100.0,2.0
768,2017-05-19,노태현,30.0,2.0
769,2017-05-19,박우진,58.0,3.0
770,2017-05-19,김종현,89.0,3.0
771,2017-05-19,변현민,6.0,3.0
772,2017-05-19,김상균,100.0,3.0
773,2017-05-19,정정,12.0,3.0
774,2017-05-19,이유진,51.0,4.0
775,2017-05-19,서성혁,24.0,4.0
776,2017-05-19,박성우,26.0,4.0
777,2017-05-19,황민현,100.0,4.0
778,2017-05-19,하성운,70.0,4.0
779,2017-05-19,정세운,29.0,5.0
780,2017-05-19,강동호,56.0,5.0
781,2017-05-19,윤재찬,4.0,5.0
782,2017-05-19,배진영,100.0,5.0
783,2017-05-19,이광현,4.0,5.0
784,2017-05-19,김재환,100.0,6.0
785,2017-05-19,김태우,62.0,6.0
786,2017-05-19,타카다켄타,41.0,6.0
787,2017-05-19,최민기,54.0,6.0
788,2017-05-19,이기원,15.0,6.0
789,2017-05-19,안형섭,8.0,7.0
790,2017-05-19,이대휘,18.0,7.0
791,2017-05-19,강다니엘,100.0,7.0
792,2017-05-19,이우진,10.0,7.0
793,2017-05-19,박우담,5.0,7.0
794,2017-05-19,김태동,31.0,8.0
795,2017-05-19,이인수,7.0,8.0
796,2017-05-19,이의웅,43.0,8.0
797,2017-05-19,정동수,10.0,8.0
798,2017-05-19,주학년,100.0,8.0
799,2017-05-19,유회승,21.0,9.0
800,2017-05-19,유선호,75.0,9.0
801,2017-05-19,윤지성,100.0,9.0
802,2017-05-19,김용진,50.0,9.0
803,2017-05-19,저스틴,15.0,9.0
804,2017-05-19,이건희,100.0,10.0
805,2017-05-19,김동빈,41.0,10.0
806,2017-05-19,김성리,13.0,10.0
807,2017-05-19,김남형,7.0,10.0
808,2017-05-19,김동한,36.0,10.0
809,2017-05-19,김사무엘,100.0,11.0
810,2017-05-19,주진우,11.0,11.0
811,2017-05-19,권현빈,46.0,11.0
812,2017-05-20,박우담,21.0,0.0
813,2017-05-20,김상빈,4.0,0.0
814,2017-05-20,배진영,100.0,0.0
815,2017-05-20,김예현,3.0,0.0
816,2017-05-20,김동빈,6.0,0.0
817,2017-05-20,서성혁,49.0,1.0
818,2017-05-20,김용진,57.0,1.0
819,2017-05-20,유선호,100.0,1.0
820,2017-05-20,정정,19.0,1.0
821,2017-05-20,여환웅,30.0,1.0
822,2017-05-20,박지훈,7.0,2.0
823,2017-05-20,장문복,100.0,2.0
824,2017-05-20,윤재찬,0.0,2.0
825,2017-05-20,하성운,4.0,2.0
826,2017-05-20,이우진,2.0,2.0
827,2017-05-20,우진영,4.0,3.0
828,2017-05-20,김사무엘,61.0,3.0
829,2017-05-20,강다니엘,100.0,3.0
830,2017-05-20,박우진,58.0,3.0
831,2017-05-20,이인수,0.0,3.0
832,2017-05-20,주학년,100.0,4.0
833,2017-05-20,김태동,19.0,4.0
834,2017-05-20,임영민,83.0,4.0
835,2017-05-20,이광현,12.0,4.0
836,2017-05-20,김동현,18.0,4.0
837,2017-05-20,김용국,33.0,5.0
838,2017-05-20,황민현,91.0,5.0
839,2017-05-20,김상균,100.0,5.0
840,2017-05-20,유회승,6.0,5.0
841,2017-05-20,노태현,81.0,5.0
842,2017-05-20,주진우,6.0,6.0
843,2017-05-20,옹성우,100.0,6.0
844,2017-05-20,변현민,3.0,6.0
845,2017-05-20,이유진,20.0,6.0
846,2017-05-20,강동호,48.0,6.0
847,2017-05-20,박성우,6.0,7.0
848,2017-05-20,이기원,2.0,7.0
849,2017-05-20,저스틴,2.0,7.0
850,2017-05-20,윤희석,100.0,7.0
851,2017-05-20,김남형,1.0,7.0
852,2017-05-20,김성리,1.0,8.0
853,2017-05-20,김태우,5.0,8.0
854,2017-05-20,윤지성,100.0,8.0
855,2017-05-20,안형섭,25.0,8.0
856,2017-05-20,최민기,6.0,8.0
857,2017-05-20,이건희,15.0,9.0
858,2017-05-20,정동수,8.0,9.0
859,2017-05-20,권현빈,100.0,9.0
860,2017-05-20,이준우,1.0,9.0
861,2017-05-20,이대휘,29.0,9.0
862,2017-05-20,이의웅,36.0,10.0
863,2017-05-20,정세운,47.0,10.0
864,2017-05-20,김종현,100.0,10.0
865,2017-05-20,홍은기,12.0,10.0
866,2017-05-20,김재환,65.0,10.0
867,2017-05-20,타카다켄타,18.0,11.0
868,2017-05-20,김동한,10.0,11.0
869,2017-05-20,라이관린,100.0,11.0
870,2017-05-21,유회승,7.0,0.0
871,2017-05-21,김동한,10.0,0.0
872,2017-05-21,이우진,41.0,0.0
873,2017-05-21,배진영,100.0,0.0
874,2017-05-21,유선호,29.0,0.0
875,2017-05-21,이유진,73.0,1.0
876,2017-05-21,변현민,11.0,1.0
877,2017-05-21,이의웅,100.0,1.0
878,2017-05-21,타카다켄타,40.0,1.0
879,2017-05-21,정정,17.0,1.0
880,2017-05-21,김태우,9.0,2.0
881,2017-05-21,김태동,12.0,2.0
882,2017-05-21,주학년,56.0,2.0
883,2017-05-21,박우진,68.0,2.0
884,2017-05-21,김사무엘,100.0,2.0
885,2017-05-21,김상빈,5.0,3.0
886,2017-05-21,이건희,87.0,3.0
887,2017-05-21,김동현,100.0,3.0
888,2017-05-21,이기원,7.0,3.0
889,2017-05-21,박우담,25.0,3.0
890,2017-05-21,홍은기,17.0,4.0
891,2017-05-21,김재환,46.0,4.0
892,2017-05-21,장문복,100.0,4.0
893,2017-05-21,노태현,60.0,4.0
894,2017-05-21,김예현,5.0,4.0
895,2017-05-21,김용진,5.0,5.0
896,2017-05-21,황민현,24.0,5.0
897,2017-05-21,옹성우,26.0,5.0
898,2017-05-21,강다니엘,100.0,5.0
899,2017-05-21,김성리,1.0,5.0
900,2017-05-21,하성운,100.0,6.0
901,2017-05-21,서성혁,13.0,6.0
902,2017-05-21,윤지성,63.0,6.0
903,2017-05-21,이대휘,97.0,6.0
904,2017-05-21,김동빈,10.0,6.0
905,2017-05-21,윤희석,100.0,7.0
906,2017-05-21,저스틴,15.0,7.0
907,2017-05-21,주진우,23.0,7.0
908,2017-05-21,윤재찬,9.0,7.0
909,2017-05-21,이인수,10.0,7.0
910,2017-05-21,정세운,60.0,8.0
911,2017-05-21,최민기,25.0,8.0
912,2017-05-21,김종현,100.0,8.0
913,2017-05-21,여환웅,19.0,8.0
914,2017-05-21,우진영,64.0,8.0
915,2017-05-21,김남형,5.0,9.0
916,2017-05-21,강동호,100.0,9.0
917,2017-05-21,정동수,34.0,9.0
918,2017-05-21,이광현,11.0,9.0
919,2017-05-21,안형섭,85.0,9.0
920,2017-05-21,김용국,40.0,10.0
921,2017-05-21,권현빈,100.0,10.0
922,2017-05-21,박성우,12.0,10.0
923,2017-05-21,라이관린,71.0,10.0
924,2017-05-21,김상균,53.0,10.0
925,2017-05-21,임영민,49.0,11.0
926,2017-05-21,이준우,3.0,11.0
927,2017-05-21,박지훈,100.0,11.0
928,2017-05-22,이준우,5.0,0.0
929,2017-05-22,유선호,42.0,0.0
930,2017-05-22,강동호,100.0,0.0
931,2017-05-22,김동빈,13.0,0.0
932,2017-05-22,박성우,18.0,0.0
933,2017-05-22,김동현,35.0,1.0
934,2017-05-22,라이관린,46.0,1.0
935,2017-05-22,김사무엘,100.0,1.0
936,2017-05-22,안형섭,29.0,1.0
937,2017-05-22,변현민,2.0,1.0
938,2017-05-22,권현빈,99.0,2.0
939,2017-05-22,박우담,14.0,2.0
940,2017-05-22,주학년,59.0,2.0
941,2017-05-22,김남형,3.0,2.0
942,2017-05-22,박우진,100.0,2.0
943,2017-05-22,박지훈,100.0,3.0
944,2017-05-22,하성운,78.0,3.0
945,2017-05-22,저스틴,4.0,3.0
946,2017-05-22,김예현,3.0,3.0
947,2017-05-22,정세운,25.0,3.0
948,2017-05-22,김종현,100.0,4.0
949,2017-05-22,김동한,20.0,4.0
950,2017-05-22,이기원,7.0,4.0
951,2017-05-22,유회승,11.0,4.0
952,2017-05-22,이건희,81.0,4.0
953,2017-05-22,윤지성,63.0,5.0
954,2017-05-22,이대휘,100.0,5.0
955,2017-05-22,김상빈,4.0,5.0
956,2017-05-22,김성리,3.0,5.0
957,2017-05-22,김재환,53.0,5.0
958,2017-05-22,윤재찬,2.0,6.0
959,2017-05-22,이광현,3.0,6.0
960,2017-05-22,김용국,19.0,6.0
961,2017-05-22,장문복,100.0,6.0
962,2017-05-22,임영민,37.0,6.0
963,2017-05-22,우진영,70.0,7.0
964,2017-05-22,김태우,58.0,7.0
965,2017-05-22,윤희석,100.0,7.0
966,2017-05-22,정정,10.0,7.0
967,2017-05-22,홍은기,21.0,7.0
968,2017-05-22,김상균,11.0,8.0
969,2017-05-22,서성혁,3.0,8.0
970,2017-05-22,여환웅,3.0,8.0
971,2017-05-22,김용진,4.0,8.0
972,2017-05-22,강다니엘,100.0,8.0
973,2017-05-22,황민현,100.0,9.0
974,2017-05-22,이유진,19.0,9.0
975,2017-05-22,배진영,87.0,9.0
976,2017-05-22,이인수,4.0,9.0
977,2017-05-22,최민기,17.0,9.0
978,2017-05-22,옹성우,100.0,10.0
979,2017-05-22,김태동,18.0,10.0
980,2017-05-22,주진우,16.0,10.0
981,2017-05-22,타카다켄타,14.0,10.0
982,2017-05-22,정동수,20.0,10.0
983,2017-05-22,이의웅,56.0,11.0
984,2017-05-22,노태현,100.0,11.0
985,2017-05-22,이우진,56.0,11.0
986,2017-05-23,홍은기,22.0,0.0
987,2017-05-23,김태동,29.0,0.0
988,2017-05-23,김용국,54.0,0.0
989,2017-05-23,라이관린,100.0,0.0
990,2017-05-23,김상빈,4.0,0.0
991,2017-05-23,김사무엘,100.0,1.0
992,2017-05-23,김동현,23.0,1.0
993,2017-05-23,김동빈,8.0,1.0
994,2017-05-23,이건희,44.0,1.0
995,2017-05-23,강동호,51.0,1.0
996,2017-05-23,주진우,14.0,2.0
997,2017-05-23,이기원,4.0,2.0
998,2017-05-23,박우담,13.0,2.0
999,2017-05-23,장문복,100.0,2.0
1000,2017-05-23,최민기,14.0,2.0
1001,2017-05-23,이우진,20.0,3.0
1002,2017-05-23,김용진,11.0,3.0
1003,2017-05-23,이광현,4.0,3.0
1004,2017-05-23,이대휘,62.0,3.0
1005,2017-05-23,박지훈,100.0,3.0
1006,2017-05-23,김성리,8.0,4.0
1007,2017-05-23,정세운,100.0,4.0
1008,2017-05-23,이유진,45.0,4.0
1009,2017-05-23,유회승,20.0,4.0
1010,2017-05-23,저스틴,16.0,4.0
1011,2017-05-23,윤지성,46.0,5.0
1012,2017-05-23,김태우,30.0,5.0
1013,2017-05-23,정동수,18.0,5.0
1014,2017-05-23,박우진,75.0,5.0
1015,2017-05-23,하성운,100.0,5.0
1016,2017-05-23,권현빈,82.0,6.0
1017,2017-05-23,배진영,76.0,6.0
1018,2017-05-23,이준우,3.0,6.0
1019,2017-05-23,옹성우,100.0,6.0
1020,2017-05-23,우진영,52.0,6.0
1021,2017-05-23,윤재찬,0.0,7.0
1022,2017-05-23,임영민,100.0,7.0
1023,2017-05-23,정정,0.0,7.0
1024,2017-05-23,윤희석,1.0,7.0
1025,2017-05-23,김재환,1.0,7.0
1026,2017-05-23,김예현,1.0,8.0
1027,2017-05-23,안형섭,9.0,8.0
1028,2017-05-23,강다니엘,100.0,8.0
1029,2017-05-23,박성우,3.0,8.0
1030,2017-05-23,유선호,7.0,8.0
1031,2017-05-23,변현민,3.0,9.0
1032,2017-05-23,노태현,52.0,9.0
1033,2017-05-23,황민현,100.0,9.0
1034,2017-05-23,김상균,50.0,9.0
1035,2017-05-23,여환웅,12.0,9.0
1036,2017-05-23,김종현,100.0,10.0
1037,2017-05-23,이인수,7.0,10.0
1038,2017-05-23,김남형,4.0,10.0
1039,2017-05-23,서성혁,20.0,10.0
1040,2017-05-23,주학년,81.0,10.0
1041,2017-05-23,타카다켄타,61.0,11.0
1042,2017-05-23,이의웅,100.0,11.0
1043,2017-05-23,김동한,59.0,11.0
1044,2017-05-24,김남형,4.0,0.0
1045,2017-05-24,타카다켄타,23.0,0.0
1046,2017-05-24,김동빈,16.0,0.0
1047,2017-05-24,박우진,100.0,0.0
1048,2017-05-24,박성우,22.0,0.0
1049,2017-05-24,윤지성,97.0,1.0
1050,2017-05-24,이유진,40.0,1.0
1051,2017-05-24,김재환,100.0,1.0
1052,2017-05-24,김예현,8.0,1.0
1053,2017-05-24,김상빈,6.0,1.0
1054,2017-05-24,이광현,1.0,2.0
1055,2017-05-24,안형섭,10.0,2.0
1056,2017-05-24,강다니엘,100.0,2.0
1057,2017-05-24,강동호,19.0,2.0
1058,2017-05-24,정세운,10.0,2.0
1059,2017-05-24,이대휘,49.0,3.0
1060,2017-05-24,김용국,22.0,3.0
1061,2017-05-24,김동한,9.0,3.0
1062,2017-05-24,주학년,28.0,3.0
1063,2017-05-24,김사무엘,100.0,3.0
1064,2017-05-24,저스틴,8.0,4.0
1065,2017-05-24,홍은기,24.0,4.0
1066,2017-05-24,김상균,58.0,4.0
1067,2017-05-24,변현민,6.0,4.0
1068,2017-05-24,김종현,100.0,4.0
1069,2017-05-24,윤재찬,6.0,5.0
1070,2017-05-24,노태현,100.0,5.0
1071,2017-05-24,윤희석,43.0,5.0
1072,2017-05-24,김용진,28.0,5.0
1073,2017-05-24,우진영,95.0,5.0
1074,2017-05-24,이건희,41.0,6.0
1075,2017-05-24,배진영,62.0,6.0
1076,2017-05-24,서성혁,10.0,6.0
1077,2017-05-24,라이관린,60.0,6.0
1078,2017-05-24,장문복,100.0,6.0
1079,2017-05-24,이인수,5.0,7.0
1080,2017-05-24,옹성우,100.0,7.0
1081,2017-05-24,김태우,20.0,7.0
1082,2017-05-24,하성운,97.0,7.0
1083,2017-05-24,이기원,4.0,7.0
1084,2017-05-24,권현빈,100.0,8.0
1085,2017-05-24,정동수,21.0,8.0
1086,2017-05-24,김성리,5.0,8.0
1087,2017-05-24,이우진,38.0,8.0
1088,2017-05-24,주진우,19.0,8.0
1089,2017-05-24,황민현,100.0,9.0
1090,2017-05-24,최민기,22.0,9.0
1091,2017-05-24,정정,7.0,9.0
1092,2017-05-24,여환웅,14.0,9.0
1093,2017-05-24,유선호,32.0,9.0
1094,2017-05-24,김태동,2.0,10.0
1095,2017-05-24,임영민,100.0,10.0
1096,2017-05-24,박우담,1.0,10.0
1097,2017-05-24,박지훈,13.0,10.0
1098,2017-05-24,김동현,3.0,10.0
1099,2017-05-24,이의웅,100.0,11.0
1100,2017-05-24,이준우,14.0,11.0
1101,2017-05-24,유회승,29.0,11.0
1102,2017-05-25,이대휘,100.0,0.0
1103,2017-05-25,윤지성,59.0,0.0
1104,2017-05-25,김용국,49.0,0.0
1105,2017-05-25,김용진,13.0,0.0
1106,2017-05-25,정정,7.0,0.0
1107,2017-05-25,라이관린,55.0,1.0
1108,2017-05-25,김재환,49.0,1.0
1109,2017-05-25,옹성우,100.0,1.0
1110,2017-05-25,주학년,45.0,1.0
1111,2017-05-25,김종현,49.0,1.0
1112,2017-05-25,장문복,41.0,2.0
1113,2017-05-25,정동수,6.0,2.0
1114,2017-05-25,타카다켄타,7.0,2.0
1115,2017-05-25,임영민,100.0,2.0
1116,2017-05-25,유선호,11.0,2.0
1117,2017-05-25,변현민,4.0,3.0
1118,2017-05-25,이우진,32.0,3.0
1119,2017-05-25,황민현,100.0,3.0
1120,2017-05-25,이기원,4.0,3.0
1121,2017-05-25,안형섭,47.0,3.0
1122,2017-05-25,배진영,100.0,4.0
1123,2017-05-25,김남형,4.0,4.0
1124,2017-05-25,서성혁,12.0,4.0
1125,2017-05-25,김성리,6.0,4.0
1126,2017-05-25,권현빈,87.0,4.0
1127,2017-05-25,김동빈,21.0,5.0
1128,2017-05-25,김동현,84.0,5.0
1129,2017-05-25,홍은기,39.0,5.0
1130,2017-05-25,유회승,19.0,5.0
1131,2017-05-25,정세운,100.0,5.0
1132,2017-05-25,김상빈,2.0,6.0
1133,2017-05-25,김상균,24.0,6.0
1134,2017-05-25,이준우,2.0,6.0
1135,2017-05-25,김사무엘,100.0,6.0
1136,2017-05-25,김동한,27.0,6.0
1137,2017-05-25,노태현,87.0,7.0
1138,2017-05-25,이건희,100.0,7.0
1139,2017-05-25,저스틴,11.0,7.0
1140,2017-05-25,우진영,68.0,7.0
1141,2017-05-25,최민기,34.0,7.0
1142,2017-05-25,윤희석,39.0,8.0
1143,2017-05-25,이유진,30.0,8.0
1144,2017-05-25,김태우,29.0,8.0
1145,2017-05-25,윤재찬,3.0,8.0
1146,2017-05-25,박우진,100.0,8.0
1147,2017-05-25,박우담,11.0,9.0
1148,2017-05-25,이광현,4.0,9.0
1149,2017-05-25,박성우,14.0,9.0
1150,2017-05-25,하성운,100.0,9.0
1151,2017-05-25,김태동,17.0,9.0
1152,2017-05-25,강다니엘,100.0,10.0
1153,2017-05-25,여환웅,3.0,10.0
1154,2017-05-25,강동호,21.0,10.0
1155,2017-05-25,주진우,4.0,10.0
1156,2017-05-25,박지훈,30.0,10.0
1157,2017-05-25,이인수,18.0,11.0
1158,2017-05-25,김예현,15.0,11.0
1159,2017-05-25,이의웅,100.0,11.0
